{"Width":1920,"Height":1080,"Scale":3e-7,"CenterX":-0.162009445799999,"CenterY":1.040023408499979,"RedFactor":1,"GreenFactor":1,"BlueFactor":1,"MovingSpeed":0.001}