{"Width":250,"Height":125,"Scale":3.7293030306374657e-7,"CenterX":-0.16200942209999925,"CenterY":1.0400234051999788,"RedFactor":1,"GreenFactor":1,"BlueFactor":1,"MovingSpeed":0.001}