{"Width":50,"Height":25,"Scale":1.2401794717505246e-8,"CenterX":-0.7643665215962689,"CenterY":-0.10108296208508451,"RedFactor":1,"GreenFactor":1,"BlueFactor":1,"MovingSpeed":0.01}