{"Width":1920,"Height":1080,"Scale":1.7012064084369336e-8,"CenterX":-0.7643665219773436,"CenterY":-0.10108296324360602,"RedFactor":1,"GreenFactor":1,"BlueFactor":1,"MovingSpeed":0.01}